{
  "final_return_ma": -169.0,
  "strength": 31.0,
  "max_strength": 33.0,
  "final_strength": 27.0,
  "sample_efficiency": 6.290322198765352e-05,
  "training_efficiency": 0.0,
  "stability": 0.9090909063816071
}