{
  "final_return_ma": -198.26829528808594,
  "strength": 1.7317073345184326,
  "max_strength": 42.0,
  "final_strength": 0.0,
  "sample_efficiency": 0.0001195141885546036,
  "training_efficiency": 9.97916140477173e-06,
  "stability": 0.0
}