{
  "final_return_ma": -190.24000549316406,
  "strength": 9.760000228881836,
  "max_strength": 78.0,
  "final_strength": 0.0,
  "sample_efficiency": 1.518908447906142e-06,
  "training_efficiency": 7.594541528987975e-08,
  "stability": 0.4241803288459778,
  "consistency": 1.0
}