{
  "final_return_ma": -198.2899932861328,
  "strength": 0.8550000190734863,
  "max_strength": 39.0,
  "final_strength": 0.0,
  "sample_efficiency": 1.1986518074991181e-05,
  "training_efficiency": 4.994284381609759e-07,
  "stability": 0.30994153022766113,
  "consistency": 1.0
}