{
  "final_return_ma": -195.25,
  "strength": 3.9024999141693115,
  "max_strength": 94.0,
  "final_strength": 19.5,
  "sample_efficiency": 3.2979240131680854e-05,
  "training_efficiency": 3.3057435757655185e-06,
  "stability": 0.10266855359077454,
  "consistency": -1.4696644716427771
}