{
  "final_return_ma": -194.5,
  "strength": 3.619999885559082,
  "max_strength": 103.0,
  "final_strength": 39.0,
  "sample_efficiency": 3.391201244085096e-05,
  "training_efficiency": 3.405119286981062e-06,
  "stability": 0.09781020879745483
}