{
  "final_return_ma": -196.0,
  "strength": 4.184999942779541,
  "max_strength": 85.0,
  "final_strength": 0.0,
  "sample_efficiency": 3.204646782251075e-05,
  "training_efficiency": 3.206367864549975e-06,
  "stability": 0.10752689838409424
}